{
  "Dummy(most_frequent)": {
    "accuracy": 0.5424,
    "f1_macro": 0.2344398340248963,
    "roc_auc_ovr": 0.5
  },
  "LogReg(scaled)": {
    "accuracy": 0.7197333333333333,
    "f1_macro": 0.6627759091198723,
    "roc_auc_ovr": 0.8467807884896156
  },
  "DecisionTree": {
    "accuracy": 0.7522666666666666,
    "f1_macro": 0.6813152822080654,
    "roc_auc_ovr": 0.8478913165225266
  },
  "RandomForest": {
    "accuracy": 0.8842666666666666,
    "f1_macro": 0.856171987260257,
    "roc_auc_ovr": 0.9526040600804815
  },
  "HistGradientBoosting": {
    "accuracy": 0.8882666666666666,
    "f1_macro": 0.8633297480137164,
    "roc_auc_ovr": 0.9540161521132718
  }
}