,user_id, purchases, revenue
user_id,1.0,-0.09121582164667039,0.09075696660202333
 purchases,-0.09121582164667039,1.0,0.6611089949505546
 revenue,0.09075696660202333,0.6611089949505546,1.0
