value,count,share
  24,5,0.38461538461538464
  31,2,0.15384615384615385
  52,2,0.15384615384615385
    ,2,0.15384615384615385
  39,2,0.15384615384615385
